{
  "summary": {
    "directed_input": false,
    "nodes": 6474,
    "edges_undirected": 12572,
    "avg_degree_undirected": 3.883843,
    "min_degree": 1,
    "max_degree": 1458,
    "density": 0.00060001
  },
  "degree": {
    "histogram": [
      {"degree": 1, "count": 2384},
      {"degree": 2, "count": 2430},
      {"degree": 3, "count": 738},
      {"degree": 4, "count": 263},
      {"degree": 5, "count": 168},
      {"degree": 6, "count": 76},
      {"degree": 7, "count": 55},
      {"degree": 8, "count": 44},
      {"degree": 9, "count": 38},
      {"degree": 10, "count": 28},
      {"degree": 11, "count": 19},
      {"degree": 12, "count": 18},
      {"degree": 13, "count": 16},
      {"degree": 14, "count": 17},
      {"degree": 15, "count": 15},
      {"degree": 16, "count": 9},
      {"degree": 17, "count": 8},
      {"degree": 18, "count": 11},
      {"degree": 19, "count": 7},
      {"degree": 20, "count": 6},
      {"degree": 21, "count": 5},
      {"degree": 22, "count": 3},
      {"degree": 23, "count": 4},
      {"degree": 24, "count": 6},
      {"degree": 25, "count": 2},
      {"degree": 26, "count": 7},
      {"degree": 28, "count": 5},
      {"degree": 29, "count": 7},
      {"degree": 30, "count": 4},
      {"degree": 31, "count": 2},
      {"degree": 32, "count": 2},
      {"degree": 33, "count": 3},
      {"degree": 34, "count": 3},
      {"degree": 35, "count": 4},
      {"degree": 36, "count": 3},
      {"degree": 37, "count": 2},
      {"degree": 38, "count": 1},
      {"degree": 39, "count": 2},
      {"degree": 41, "count": 1},
      {"degree": 43, "count": 3},
      {"degree": 44, "count": 2},
      {"degree": 45, "count": 2},
      {"degree": 46, "count": 1},
      {"degree": 47, "count": 1},
      {"degree": 48, "count": 1},
      {"degree": 49, "count": 3},
      {"degree": 50, "count": 2},
      {"degree": 52, "count": 3},
      {"degree": 54, "count": 1},
      {"degree": 55, "count": 3},
      {"degree": 56, "count": 1},
      {"degree": 58, "count": 1},
      {"degree": 61, "count": 1},
      {"degree": 62, "count": 1},
      {"degree": 63, "count": 1},
      {"degree": 64, "count": 1},
      {"degree": 67, "count": 1},
      {"degree": 69, "count": 1},
      {"degree": 71, "count": 1},
      {"degree": 73, "count": 1},
      {"degree": 76, "count": 1},
      {"degree": 81, "count": 2},
      {"degree": 85, "count": 1},
      {"degree": 87, "count": 1},
      {"degree": 94, "count": 1},
      {"degree": 102, "count": 1},
      {"degree": 107, "count": 1},
      {"degree": 109, "count": 1},
      {"degree": 112, "count": 1},
      {"degree": 128, "count": 1},
      {"degree": 130, "count": 2},
      {"degree": 133, "count": 1},
      {"degree": 140, "count": 2},
      {"degree": 173, "count": 1},
      {"degree": 180, "count": 1},
      {"degree": 226, "count": 1},
      {"degree": 252, "count": 1},
      {"degree": 286, "count": 1},
      {"degree": 378, "count": 1},
      {"degree": 401, "count": 1},
      {"degree": 691, "count": 1},
      {"degree": 750, "count": 1},
      {"degree": 1458, "count": 1}
    ],
    "top_k": [
      {"node_index": 1, "original_id": 1, "degree": 1458},
      {"node_index": 9, "original_id": 9, "degree": 750},
      {"node_index": 6, "original_id": 6, "degree": 691},
      {"node_index": 7, "original_id": 7, "degree": 401},
      {"node_index": 0, "original_id": 0, "degree": 378},
      {"node_index": 2, "original_id": 2, "degree": 286},
      {"node_index": 22, "original_id": 22, "degree": 252},
      {"node_index": 41, "original_id": 41, "degree": 226},
      {"node_index": 28, "original_id": 28, "degree": 180},
      {"node_index": 517, "original_id": 1032, "degree": 173}
    ]
  },
  "connectivity": {
    "components": 1,
    "giant_component_size": 6474,
    "component_sizes_desc": [6474]
  },
  "paths": {
    "reachable_pairs": 20953101,
    "average_shortest_path": 3.705003,
    "diameter": 9
  },
  "clustering": {
    "average_local": 0.252222,
    "triangles_total": 6584
  },
  "ring_demo": {
    "topk": 10,
    "ring_sum_degrees_twice": 9590
  },
  "ids_demo": {
    "sorted_original_ids_sample": [0, 1, 2, 3, 4, 5, 6, 7, 8, 9]
  }
}
