{
  "summary": {
    "directed_input": false,
    "nodes": 36692,
    "edges_undirected": 183831,
    "avg_degree_undirected": 10.020222,
    "min_degree": 1,
    "max_degree": 1383,
    "density": 0.00027310
  },
  "degree": {
    "histogram": [
      {"degree": 1, "count": 11211},
      {"degree": 2, "count": 3800},
      {"degree": 3, "count": 5167},
      {"degree": 4, "count": 3366},
      {"degree": 5, "count": 2212},
      {"degree": 6, "count": 1966},
      {"degree": 7, "count": 1117},
      {"degree": 8, "count": 817},
      {"degree": 9, "count": 671},
      {"degree": 10, "count": 588},
      {"degree": 11, "count": 457},
      {"degree": 12, "count": 401},
      {"degree": 13, "count": 329},
      {"degree": 14, "count": 263},
      {"degree": 15, "count": 216},
      {"degree": 16, "count": 239},
      {"degree": 17, "count": 188},
      {"degree": 18, "count": 203},
      {"degree": 19, "count": 155},
      {"degree": 20, "count": 148},
      {"degree": 21, "count": 123},
      {"degree": 22, "count": 104},
      {"degree": 23, "count": 108},
      {"degree": 24, "count": 122},
      {"degree": 25, "count": 84},
      {"degree": 26, "count": 86},
      {"degree": 27, "count": 85},
      {"degree": 28, "count": 86},
      {"degree": 29, "count": 80},
      {"degree": 30, "count": 72},
      {"degree": 31, "count": 74},
      {"degree": 32, "count": 63},
      {"degree": 33, "count": 58},
      {"degree": 34, "count": 64},
      {"degree": 35, "count": 49},
      {"degree": 36, "count": 54},
      {"degree": 37, "count": 46},
      {"degree": 38, "count": 61},
      {"degree": 39, "count": 50},
      {"degree": 40, "count": 41},
      {"degree": 41, "count": 43},
      {"degree": 42, "count": 38},
      {"degree": 43, "count": 50},
      {"degree": 44, "count": 40},
      {"degree": 45, "count": 28},
      {"degree": 46, "count": 26},
      {"degree": 47, "count": 37},
      {"degree": 48, "count": 27},
      {"degree": 49, "count": 32},
      {"degree": 50, "count": 31},
      {"degree": 51, "count": 30},
      {"degree": 52, "count": 24},
      {"degree": 53, "count": 25},
      {"degree": 54, "count": 33},
      {"degree": 55, "count": 23},
      {"degree": 56, "count": 16},
      {"degree": 57, "count": 23},
      {"degree": 58, "count": 21},
      {"degree": 59, "count": 27},
      {"degree": 60, "count": 31},
      {"degree": 61, "count": 20},
      {"degree": 62, "count": 26},
      {"degree": 63, "count": 19},
      {"degree": 64, "count": 17},
      {"degree": 65, "count": 18},
      {"degree": 66, "count": 18},
      {"degree": 67, "count": 15},
      {"degree": 68, "count": 20},
      {"degree": 69, "count": 21},
      {"degree": 70, "count": 14},
      {"degree": 71, "count": 12},
      {"degree": 72, "count": 20},
      {"degree": 73, "count": 19},
      {"degree": 74, "count": 20},
      {"degree": 75, "count": 19},
      {"degree": 76, "count": 12},
      {"degree": 77, "count": 13},
      {"degree": 78, "count": 9},
      {"degree": 79, "count": 9},
      {"degree": 80, "count": 14},
      {"degree": 81, "count": 20},
      {"degree": 82, "count": 9},
      {"degree": 83, "count": 5},
      {"degree": 84, "count": 17},
      {"degree": 85, "count": 9},
      {"degree": 86, "count": 14},
      {"degree": 87, "count": 8},
      {"degree": 88, "count": 9},
      {"degree": 89, "count": 7},
      {"degree": 90, "count": 11},
      {"degree": 91, "count": 7},
      {"degree": 92, "count": 11},
      {"degree": 93, "count": 10},
      {"degree": 94, "count": 10},
      {"degree": 95, "count": 5},
      {"degree": 96, "count": 8},
      {"degree": 97, "count": 4},
      {"degree": 98, "count": 8},
      {"degree": 99, "count": 7},
      {"degree": 100, "count": 9},
      {"degree": 101, "count": 7},
      {"degree": 102, "count": 6},
      {"degree": 103, "count": 7},
      {"degree": 104, "count": 7},
      {"degree": 105, "count": 11},
      {"degree": 106, "count": 8},
      {"degree": 107, "count": 6},
      {"degree": 108, "count": 8},
      {"degree": 109, "count": 6},
      {"degree": 110, "count": 5},
      {"degree": 111, "count": 5},
      {"degree": 112, "count": 7},
      {"degree": 113, "count": 4},
      {"degree": 114, "count": 6},
      {"degree": 115, "count": 6},
      {"degree": 116, "count": 4},
      {"degree": 117, "count": 3},
      {"degree": 118, "count": 4},
      {"degree": 119, "count": 9},
      {"degree": 120, "count": 4},
      {"degree": 121, "count": 8},
      {"degree": 122, "count": 3},
      {"degree": 123, "count": 9},
      {"degree": 124, "count": 4},
      {"degree": 125, "count": 4},
      {"degree": 126, "count": 4},
      {"degree": 127, "count": 5},
      {"degree": 128, "count": 1},
      {"degree": 129, "count": 2},
      {"degree": 130, "count": 4},
      {"degree": 131, "count": 2},
      {"degree": 132, "count": 3},
      {"degree": 133, "count": 6},
      {"degree": 134, "count": 3},
      {"degree": 135, "count": 5},
      {"degree": 136, "count": 5},
      {"degree": 137, "count": 8},
      {"degree": 138, "count": 6},
      {"degree": 139, "count": 4},
      {"degree": 140, "count": 3},
      {"degree": 141, "count": 4},
      {"degree": 142, "count": 3},
      {"degree": 143, "count": 4},
      {"degree": 144, "count": 5},
      {"degree": 145, "count": 4},
      {"degree": 146, "count": 4},
      {"degree": 147, "count": 8},
      {"degree": 148, "count": 1},
      {"degree": 149, "count": 4},
      {"degree": 150, "count": 2},
      {"degree": 151, "count": 2},
      {"degree": 155, "count": 3},
      {"degree": 156, "count": 2},
      {"degree": 157, "count": 4},
      {"degree": 158, "count": 4},
      {"degree": 159, "count": 2},
      {"degree": 160, "count": 3},
      {"degree": 161, "count": 1},
      {"degree": 162, "count": 5},
      {"degree": 163, "count": 4},
      {"degree": 164, "count": 2},
      {"degree": 165, "count": 3},
      {"degree": 166, "count": 2},
      {"degree": 167, "count": 4},
      {"degree": 168, "count": 5},
      {"degree": 169, "count": 2},
      {"degree": 170, "count": 2},
      {"degree": 171, "count": 2},
      {"degree": 172, "count": 5},
      {"degree": 173, "count": 2},
      {"degree": 174, "count": 4},
      {"degree": 175, "count": 2},
      {"degree": 176, "count": 1},
      {"degree": 177, "count": 1},
      {"degree": 178, "count": 5},
      {"degree": 180, "count": 3},
      {"degree": 181, "count": 6},
      {"degree": 183, "count": 1},
      {"degree": 184, "count": 2},
      {"degree": 185, "count": 1},
      {"degree": 186, "count": 2},
      {"degree": 187, "count": 1},
      {"degree": 190, "count": 4},
      {"degree": 191, "count": 1},
      {"degree": 192, "count": 1},
      {"degree": 197, "count": 1},
      {"degree": 198, "count": 1},
      {"degree": 200, "count": 1},
      {"degree": 201, "count": 1},
      {"degree": 203, "count": 2},
      {"degree": 204, "count": 1},
      {"degree": 205, "count": 2},
      {"degree": 206, "count": 1},
      {"degree": 207, "count": 4},
      {"degree": 209, "count": 1},
      {"degree": 210, "count": 1},
      {"degree": 211, "count": 1},
      {"degree": 212, "count": 3},
      {"degree": 213, "count": 1},
      {"degree": 214, "count": 2},
      {"degree": 215, "count": 1},
      {"degree": 216, "count": 1},
      {"degree": 217, "count": 3},
      {"degree": 218, "count": 2},
      {"degree": 219, "count": 3},
      {"degree": 220, "count": 1},
      {"degree": 221, "count": 2},
      {"degree": 223, "count": 2},
      {"degree": 225, "count": 1},
      {"degree": 226, "count": 1},
      {"degree": 227, "count": 3},
      {"degree": 228, "count": 3},
      {"degree": 229, "count": 3},
      {"degree": 230, "count": 2},
      {"degree": 231, "count": 1},
      {"degree": 232, "count": 2},
      {"degree": 233, "count": 1},
      {"degree": 234, "count": 2},
      {"degree": 235, "count": 1},
      {"degree": 239, "count": 1},
      {"degree": 240, "count": 1},
      {"degree": 243, "count": 4},
      {"degree": 244, "count": 2},
      {"degree": 246, "count": 1},
      {"degree": 247, "count": 1},
      {"degree": 249, "count": 1},
      {"degree": 253, "count": 2},
      {"degree": 257, "count": 1},
      {"degree": 258, "count": 3},
      {"degree": 261, "count": 1},
      {"degree": 262, "count": 1},
      {"degree": 263, "count": 3},
      {"degree": 264, "count": 1},
      {"degree": 269, "count": 1},
      {"degree": 270, "count": 1},
      {"degree": 271, "count": 1},
      {"degree": 275, "count": 2},
      {"degree": 277, "count": 1},
      {"degree": 278, "count": 1},
      {"degree": 279, "count": 1},
      {"degree": 280, "count": 2},
      {"degree": 281, "count": 1},
      {"degree": 282, "count": 1},
      {"degree": 283, "count": 1},
      {"degree": 284, "count": 1},
      {"degree": 285, "count": 1},
      {"degree": 286, "count": 1},
      {"degree": 292, "count": 1},
      {"degree": 293, "count": 1},
      {"degree": 295, "count": 1},
      {"degree": 296, "count": 1},
      {"degree": 297, "count": 2},
      {"degree": 298, "count": 1},
      {"degree": 299, "count": 1},
      {"degree": 300, "count": 1},
      {"degree": 302, "count": 1},
      {"degree": 304, "count": 1},
      {"degree": 305, "count": 1},
      {"degree": 306, "count": 1},
      {"degree": 307, "count": 1},
      {"degree": 308, "count": 2},
      {"degree": 309, "count": 1},
      {"degree": 310, "count": 3},
      {"degree": 312, "count": 1},
      {"degree": 314, "count": 1},
      {"degree": 322, "count": 1},
      {"degree": 327, "count": 1},
      {"degree": 330, "count": 1},
      {"degree": 332, "count": 1},
      {"degree": 338, "count": 1},
      {"degree": 339, "count": 3},
      {"degree": 343, "count": 2},
      {"degree": 344, "count": 1},
      {"degree": 361, "count": 1},
      {"degree": 363, "count": 1},
      {"degree": 364, "count": 1},
      {"degree": 365, "count": 2},
      {"degree": 366, "count": 1},
      {"degree": 377, "count": 2},
      {"degree": 383, "count": 1},
      {"degree": 386, "count": 2},
      {"degree": 389, "count": 1},
      {"degree": 396, "count": 1},
      {"degree": 397, "count": 1},
      {"degree": 399, "count": 1},
      {"degree": 405, "count": 2},
      {"degree": 417, "count": 1},
      {"degree": 421, "count": 1},
      {"degree": 422, "count": 1},
      {"degree": 423, "count": 1},
      {"degree": 424, "count": 1},
      {"degree": 446, "count": 1},
      {"degree": 449, "count": 1},
      {"degree": 455, "count": 1},
      {"degree": 459, "count": 1},
      {"degree": 463, "count": 1},
      {"degree": 468, "count": 1},
      {"degree": 479, "count": 1},
      {"degree": 481, "count": 1},
      {"degree": 486, "count": 1},
      {"degree": 496, "count": 1},
      {"degree": 497, "count": 1},
      {"degree": 505, "count": 1},
      {"degree": 514, "count": 1},
      {"degree": 521, "count": 1},
      {"degree": 537, "count": 1},
      {"degree": 538, "count": 1},
      {"degree": 539, "count": 1},
      {"degree": 540, "count": 1},
      {"degree": 542, "count": 1},
      {"degree": 552, "count": 1},
      {"degree": 591, "count": 1},
      {"degree": 597, "count": 1},
      {"degree": 607, "count": 1},
      {"degree": 609, "count": 1},
      {"degree": 666, "count": 1},
      {"degree": 686, "count": 1},
      {"degree": 705, "count": 1},
      {"degree": 711, "count": 1},
      {"degree": 791, "count": 1},
      {"degree": 815, "count": 1},
      {"degree": 829, "count": 1},
      {"degree": 834, "count": 1},
      {"degree": 908, "count": 1},
      {"degree": 924, "count": 1},
      {"degree": 1026, "count": 1},
      {"degree": 1068, "count": 1},
      {"degree": 1099, "count": 1},
      {"degree": 1143, "count": 1},
      {"degree": 1244, "count": 1},
      {"degree": 1245, "count": 1},
      {"degree": 1261, "count": 1},
      {"degree": 1367, "count": 1},
      {"degree": 1383, "count": 1}
    ],
    "top_k": [
      {"node_index": 271, "original_id": 5038, "degree": 1383},
      {"node_index": 144, "original_id": 273, "degree": 1367},
      {"node_index": 191, "original_id": 458, "degree": 1261},
      {"node_index": 80, "original_id": 140, "degree": 1245},
      {"node_index": 197, "original_id": 1028, "degree": 1244},
      {"node_index": 85, "original_id": 195, "degree": 1143},
      {"node_index": 245, "original_id": 370, "degree": 1099},
      {"node_index": 148, "original_id": 1139, "degree": 1068},
      {"node_index": 79, "original_id": 136, "degree": 1026},
      {"node_index": 92, "original_id": 566, "degree": 924}
    ]
  },
  "connectivity": {
    "components": 1065,
    "giant_component_size": 33696,
    "component_sizes_desc": [33696, 20, 16, 14, 13, 13, 13, 12, 12, 12, 11, 11, 10, 10, 10, 10, 10, 10, 10, 10, 9, 9, 9, 9, 9, 9, 8, 8, 8, 8, 8, 8, 8, 7, 7, 7, 7, 7, 7, 7, 6, 6, 6, 6, 6, 6, 6, 6, 6, 6, 6, 6, 6, 6, 6, 6, 6, 6, 6, 6, 5, 5, 5, 5, 5, 5, 5, 5, 5, 5, 5, 5, 5, 5, 5, 5, 5, 5, 5, 5, 5, 5, 5, 5, 5, 5, 5, 5, 5, 5, 5, 5, 5, 5, 5, 5, 5, 5, 5, 5, 5, 5, 5, 5, 4, 4, 4, 4, 4, 4, 4, 4, 4, 4, 4, 4, 4, 4, 4, 4, 4, 4, 4, 4, 4, 4, 4, 4, 4, 4, 4, 4, 4, 4, 4, 4, 4, 4, 4, 4, 4, 4, 4, 4, 4, 4, 4, 4, 4, 4, 4, 4, 4, 4, 4, 4, 4, 4, 4, 4, 4, 4, 4, 4, 4, 4, 4, 4, 4, 4, 4, 4, 4, 4, 4, 4, 4, 4, 4, 4, 4, 4, 4, 4, 4, 4, 4, 4, 4, 4, 4, 4, 4, 4, 4, 4, 4, 4, 4, 4, 4, 4, 4, 4, 4, 4, 4, 4, 4, 4, 4, 4, 4, 4, 4, 4, 4, 4, 3, 3, 3, 3, 3, 3, 3, 3, 3, 3, 3, 3, 3, 3, 3, 3, 3, 3, 3, 3, 3, 3, 3, 3, 3, 3, 3, 3, 3, 3, 3, 3, 3, 3, 3, 3, 3, 3, 3, 3, 3, 3, 3, 3, 3, 3, 3, 3, 3, 3, 3, 3, 3, 3, 3, 3, 3, 3, 3, 3, 3, 3, 3, 3, 3, 3, 3, 3, 3, 3, 3, 3, 3, 3, 3, 3, 3, 3, 3, 3, 3, 3, 3, 3, 3, 3, 3, 3, 3, 3, 3, 3, 3, 3, 3, 3, 3, 3, 3, 3, 3, 3, 3, 3, 3, 3, 3, 3, 3, 3, 3, 3, 3, 3, 3, 3, 3, 3, 3, 3, 2, 2, 2, 2, 2, 2, 2, 2, 2, 2, 2, 2, 2, 2, 2, 2, 2, 2, 2, 2, 2, 2, 2, 2, 2, 2, 2, 2, 2, 2, 2, 2, 2, 2, 2, 2, 2, 2, 2, 2, 2, 2, 2, 2, 2, 2, 2, 2, 2, 2, 2, 2, 2, 2, 2, 2, 2, 2, 2, 2, 2, 2, 2, 2, 2, 2, 2, 2, 2, 2, 2, 2, 2, 2, 2, 2, 2, 2, 2, 2, 2, 2, 2, 2, 2, 2, 2, 2, 2, 2, 2, 2, 2, 2, 2, 2, 2, 2, 2, 2, 2, 2, 2, 2, 2, 2, 2, 2, 2, 2, 2, 2, 2, 2, 2, 2, 2, 2, 2, 2, 2, 2, 2, 2, 2, 2, 2, 2, 2, 2, 2, 2, 2, 2, 2, 2, 2, 2, 2, 2, 2, 2, 2, 2, 2, 2, 2, 2, 2, 2, 2, 2, 2, 2, 2, 2, 2, 2, 2, 2, 2, 2, 2, 2, 2, 2, 2, 2, 2, 2, 2, 2, 2, 2, 2, 2, 2, 2, 2, 2, 2, 2, 2, 2, 2, 2, 2, 2, 2, 2, 2, 2, 2, 2, 2, 2, 2, 2, 2, 2, 2, 2, 2, 2, 2, 2, 2, 2, 2, 2, 2, 2, 2, 2, 2, 2, 2, 2, 2, 2, 2, 2, 2, 2, 2, 2, 2, 2, 2, 2, 2, 2, 2, 2, 2, 2, 2, 2, 2, 2, 2, 2, 2, 2, 2, 2, 2, 2, 2, 2, 2, 2, 2, 2, 2, 2, 2, 2, 2, 2, 2, 2, 2, 2, 2, 2, 2, 2, 2, 2, 2, 2, 2, 2, 2, 2, 2, 2, 2, 2, 2, 2, 2, 2, 2, 2, 2, 2, 2, 2, 2, 2, 2, 2, 2, 2, 2, 2, 2, 2, 2, 2, 2, 2, 2, 2, 2, 2, 2, 2, 2, 2, 2, 2, 2, 2, 2, 2, 2, 2, 2, 2, 2, 2, 2, 2, 2, 2, 2, 2, 2, 2, 2, 2, 2, 2, 2, 2, 2, 2, 2, 2, 2, 2, 2, 2, 2, 2, 2, 2, 2, 2, 2, 2, 2, 2, 2, 2, 2, 2, 2, 2, 2, 2, 2, 2, 2, 2, 2, 2, 2, 2, 2, 2, 2, 2, 2, 2, 2, 2, 2, 2, 2, 2, 2, 2, 2, 2, 2, 2, 2, 2, 2, 2, 2, 2, 2, 2, 2, 2, 2, 2, 2, 2, 2, 2, 2, 2, 2, 2, 2, 2, 2, 2, 2, 2, 2, 2, 2, 2, 2, 2, 2, 2, 2, 2, 2, 2, 2, 2, 2, 2, 2, 2, 2, 2, 2, 2, 2, 2, 2, 2, 2, 2, 2, 2, 2, 2, 2, 2, 2, 2, 2, 2, 2, 2, 2, 2, 2, 2, 2, 2, 2, 2, 2, 2, 2, 2, 2, 2, 2, 2, 2, 2, 2, 2, 2, 2, 2, 2, 2, 2, 2, 2, 2, 2, 2, 2, 2, 2, 2, 2, 2, 2, 2, 2, 2, 2, 2, 2, 2, 2, 2, 2, 2, 2, 2, 2, 2, 2, 2, 2, 2, 2, 2, 2, 2, 2, 2, 2, 2, 2, 2, 2, 2, 2, 2, 2, 2, 2, 2, 2, 2, 2, 2, 2, 2, 2, 2, 2, 2, 2, 2, 2, 2, 2, 2, 2, 2, 2, 2, 2, 2, 2, 2, 2, 2, 2, 2, 2, 2, 2, 2, 2, 2, 2, 2, 2, 2, 2, 2, 2, 2, 2, 2, 2, 2, 2, 2, 2, 2, 2, 2, 2, 2, 2, 2, 2, 2, 2, 2, 2, 2, 2, 2, 2, 2, 2, 2, 2, 2, 2, 2, 2, 2, 2, 2, 2, 2, 2, 2, 2, 2, 2, 2, 2, 2, 2, 2, 2, 2, 2, 2, 2, 2, 2, 2, 2, 2, 2, 2, 2, 2, 2, 2, 2, 2, 2, 2, 2, 2, 2, 2, 2, 2, 2, 2, 2, 2, 2, 2, 2, 2, 2, 2, 2, 2, 2, 2, 2, 2, 2, 2, 2, 2, 2, 2, 2, 2, 2, 2, 2, 2, 2, 2, 2, 2, 2, 2, 2, 2, 2, 2, 2, 2, 2, 2, 2, 2, 2, 2, 2, 2, 2, 2, 2, 2, 2, 2, 2, 2, 2, 2, 2, 2, 2, 2, 2, 2, 2, 2, 2, 2, 2, 2, 2, 2, 2, 2, 2, 2, 2, 2, 2, 2, 2, 2]
  },
  "paths": {
    "reachable_pairs": 567697733,
    "average_shortest_path": 4.025143,
    "diameter": 13
  },
  "clustering": {
    "average_local": 0.496983,
    "triangles_total": 727044
  },
  "ring_demo": {
    "topk": 10,
    "ring_sum_degrees_twice": 23520
  },
  "ids_demo": {
    "sorted_original_ids_sample": [0, 1, 2, 3, 4, 5, 6, 7, 8, 9]
  }
}
