{
  "summary": {
    "directed_input": false,
    "nodes": 4039,
    "edges_undirected": 88234,
    "avg_degree_undirected": 43.691013,
    "min_degree": 1,
    "max_degree": 1045,
    "density": 0.01081996
  },
  "degree": {
    "histogram": [
      {"degree": 1, "count": 75},
      {"degree": 2, "count": 98},
      {"degree": 3, "count": 93},
      {"degree": 4, "count": 99},
      {"degree": 5, "count": 93},
      {"degree": 6, "count": 98},
      {"degree": 7, "count": 98},
      {"degree": 8, "count": 111},
      {"degree": 9, "count": 100},
      {"degree": 10, "count": 95},
      {"degree": 11, "count": 81},
      {"degree": 12, "count": 82},
      {"degree": 13, "count": 79},
      {"degree": 14, "count": 87},
      {"degree": 15, "count": 106},
      {"degree": 16, "count": 82},
      {"degree": 17, "count": 76},
      {"degree": 18, "count": 73},
      {"degree": 19, "count": 72},
      {"degree": 20, "count": 63},
      {"degree": 21, "count": 52},
      {"degree": 22, "count": 63},
      {"degree": 23, "count": 53},
      {"degree": 24, "count": 60},
      {"degree": 25, "count": 55},
      {"degree": 26, "count": 56},
      {"degree": 27, "count": 49},
      {"degree": 28, "count": 37},
      {"degree": 29, "count": 38},
      {"degree": 30, "count": 40},
      {"degree": 31, "count": 38},
      {"degree": 32, "count": 44},
      {"degree": 33, "count": 35},
      {"degree": 34, "count": 43},
      {"degree": 35, "count": 36},
      {"degree": 36, "count": 43},
      {"degree": 37, "count": 43},
      {"degree": 38, "count": 44},
      {"degree": 39, "count": 29},
      {"degree": 40, "count": 27},
      {"degree": 41, "count": 29},
      {"degree": 42, "count": 21},
      {"degree": 43, "count": 29},
      {"degree": 44, "count": 21},
      {"degree": 45, "count": 19},
      {"degree": 46, "count": 24},
      {"degree": 47, "count": 24},
      {"degree": 48, "count": 24},
      {"degree": 49, "count": 33},
      {"degree": 50, "count": 25},
      {"degree": 51, "count": 20},
      {"degree": 52, "count": 19},
      {"degree": 53, "count": 15},
      {"degree": 54, "count": 23},
      {"degree": 55, "count": 23},
      {"degree": 56, "count": 18},
      {"degree": 57, "count": 23},
      {"degree": 58, "count": 15},
      {"degree": 59, "count": 11},
      {"degree": 60, "count": 18},
      {"degree": 61, "count": 18},
      {"degree": 62, "count": 16},
      {"degree": 63, "count": 23},
      {"degree": 64, "count": 13},
      {"degree": 65, "count": 20},
      {"degree": 66, "count": 22},
      {"degree": 67, "count": 13},
      {"degree": 68, "count": 16},
      {"degree": 69, "count": 14},
      {"degree": 70, "count": 17},
      {"degree": 71, "count": 18},
      {"degree": 72, "count": 15},
      {"degree": 73, "count": 10},
      {"degree": 74, "count": 10},
      {"degree": 75, "count": 8},
      {"degree": 76, "count": 15},
      {"degree": 77, "count": 10},
      {"degree": 78, "count": 11},
      {"degree": 79, "count": 16},
      {"degree": 80, "count": 8},
      {"degree": 81, "count": 4},
      {"degree": 82, "count": 12},
      {"degree": 83, "count": 17},
      {"degree": 84, "count": 12},
      {"degree": 85, "count": 10},
      {"degree": 86, "count": 9},
      {"degree": 87, "count": 5},
      {"degree": 88, "count": 9},
      {"degree": 89, "count": 9},
      {"degree": 90, "count": 7},
      {"degree": 91, "count": 9},
      {"degree": 92, "count": 10},
      {"degree": 93, "count": 11},
      {"degree": 94, "count": 7},
      {"degree": 95, "count": 9},
      {"degree": 96, "count": 11},
      {"degree": 97, "count": 8},
      {"degree": 98, "count": 5},
      {"degree": 99, "count": 11},
      {"degree": 100, "count": 10},
      {"degree": 101, "count": 4},
      {"degree": 102, "count": 9},
      {"degree": 103, "count": 6},
      {"degree": 104, "count": 6},
      {"degree": 105, "count": 7},
      {"degree": 106, "count": 9},
      {"degree": 107, "count": 9},
      {"degree": 108, "count": 6},
      {"degree": 109, "count": 9},
      {"degree": 110, "count": 4},
      {"degree": 111, "count": 1},
      {"degree": 112, "count": 7},
      {"degree": 113, "count": 8},
      {"degree": 114, "count": 4},
      {"degree": 115, "count": 10},
      {"degree": 116, "count": 6},
      {"degree": 117, "count": 9},
      {"degree": 119, "count": 4},
      {"degree": 120, "count": 5},
      {"degree": 121, "count": 6},
      {"degree": 122, "count": 12},
      {"degree": 123, "count": 11},
      {"degree": 124, "count": 9},
      {"degree": 125, "count": 5},
      {"degree": 126, "count": 6},
      {"degree": 127, "count": 4},
      {"degree": 128, "count": 5},
      {"degree": 129, "count": 4},
      {"degree": 130, "count": 6},
      {"degree": 131, "count": 6},
      {"degree": 132, "count": 4},
      {"degree": 133, "count": 3},
      {"degree": 134, "count": 3},
      {"degree": 135, "count": 7},
      {"degree": 136, "count": 4},
      {"degree": 137, "count": 5},
      {"degree": 138, "count": 2},
      {"degree": 139, "count": 5},
      {"degree": 140, "count": 3},
      {"degree": 141, "count": 7},
      {"degree": 142, "count": 7},
      {"degree": 144, "count": 1},
      {"degree": 145, "count": 3},
      {"degree": 146, "count": 5},
      {"degree": 147, "count": 6},
      {"degree": 148, "count": 3},
      {"degree": 149, "count": 1},
      {"degree": 150, "count": 2},
      {"degree": 151, "count": 5},
      {"degree": 152, "count": 4},
      {"degree": 153, "count": 2},
      {"degree": 154, "count": 4},
      {"degree": 155, "count": 5},
      {"degree": 156, "count": 6},
      {"degree": 157, "count": 1},
      {"degree": 158, "count": 5},
      {"degree": 159, "count": 3},
      {"degree": 160, "count": 6},
      {"degree": 161, "count": 4},
      {"degree": 162, "count": 2},
      {"degree": 163, "count": 1},
      {"degree": 164, "count": 4},
      {"degree": 165, "count": 5},
      {"degree": 166, "count": 4},
      {"degree": 167, "count": 2},
      {"degree": 168, "count": 5},
      {"degree": 169, "count": 3},
      {"degree": 170, "count": 3},
      {"degree": 171, "count": 3},
      {"degree": 172, "count": 3},
      {"degree": 173, "count": 6},
      {"degree": 174, "count": 2},
      {"degree": 175, "count": 2},
      {"degree": 176, "count": 4},
      {"degree": 177, "count": 4},
      {"degree": 178, "count": 5},
      {"degree": 179, "count": 3},
      {"degree": 180, "count": 2},
      {"degree": 181, "count": 2},
      {"degree": 182, "count": 5},
      {"degree": 183, "count": 3},
      {"degree": 184, "count": 3},
      {"degree": 185, "count": 4},
      {"degree": 186, "count": 4},
      {"degree": 187, "count": 4},
      {"degree": 188, "count": 4},
      {"degree": 189, "count": 3},
      {"degree": 190, "count": 6},
      {"degree": 191, "count": 4},
      {"degree": 192, "count": 2},
      {"degree": 193, "count": 3},
      {"degree": 194, "count": 1},
      {"degree": 195, "count": 4},
      {"degree": 196, "count": 2},
      {"degree": 197, "count": 3},
      {"degree": 198, "count": 5},
      {"degree": 199, "count": 2},
      {"degree": 200, "count": 1},
      {"degree": 201, "count": 4},
      {"degree": 202, "count": 2},
      {"degree": 203, "count": 2},
      {"degree": 204, "count": 1},
      {"degree": 205, "count": 4},
      {"degree": 207, "count": 3},
      {"degree": 209, "count": 1},
      {"degree": 210, "count": 1},
      {"degree": 211, "count": 1},
      {"degree": 217, "count": 1},
      {"degree": 220, "count": 1},
      {"degree": 221, "count": 1},
      {"degree": 222, "count": 1},
      {"degree": 223, "count": 1},
      {"degree": 224, "count": 1},
      {"degree": 226, "count": 1},
      {"degree": 229, "count": 1},
      {"degree": 231, "count": 1},
      {"degree": 234, "count": 2},
      {"degree": 235, "count": 1},
      {"degree": 245, "count": 1},
      {"degree": 254, "count": 1},
      {"degree": 291, "count": 1},
      {"degree": 294, "count": 1},
      {"degree": 347, "count": 1},
      {"degree": 547, "count": 1},
      {"degree": 755, "count": 1},
      {"degree": 792, "count": 1},
      {"degree": 1045, "count": 1}
    ],
    "top_k": [
      {"node_index": 107, "original_id": 107, "degree": 1045},
      {"node_index": 351, "original_id": 1684, "degree": 792},
      {"node_index": 352, "original_id": 1912, "degree": 755},
      {"node_index": 1821, "original_id": 3437, "degree": 547},
      {"node_index": 0, "original_id": 0, "degree": 347},
      {"node_index": 1490, "original_id": 2543, "degree": 294},
      {"node_index": 2154, "original_id": 2347, "degree": 291},
      {"node_index": 1373, "original_id": 1888, "degree": 254},
      {"node_index": 1285, "original_id": 1800, "degree": 245},
      {"node_index": 1149, "original_id": 1663, "degree": 235}
    ]
  },
  "connectivity": {
    "components": 1,
    "giant_component_size": 4039,
    "component_sizes_desc": [4039]
  },
  "paths": {
    "reachable_pairs": 8154741,
    "average_shortest_path": 3.692507,
    "diameter": 8
  },
  "clustering": {
    "average_local": 0.605547,
    "triangles_total": 1612010
  },
  "ring_demo": {
    "topk": 10,
    "ring_sum_degrees_twice": 9610
  },
  "ids_demo": {
    "sorted_original_ids_sample": [0, 1, 2, 3, 4, 5, 6, 7, 8, 9]
  }
}
