{
  "summary": {
    "directed_input": false,
    "nodes": 81306,
    "edges_undirected": 2420744,
    "avg_degree_undirected": 33.018375,
    "min_degree": 1,
    "max_degree": 3383,
    "density": 0.00073238
  },
  "degree": {
    "histogram": [
      {"degree": 1, "count": 4996},
      {"degree": 2, "count": 4857},
      {"degree": 3, "count": 4191},
      {"degree": 4, "count": 3671},
      {"degree": 5, "count": 3313},
      {"degree": 6, "count": 2980},
      {"degree": 7, "count": 2756},
      {"degree": 8, "count": 2422},
      {"degree": 9, "count": 2245},
      {"degree": 10, "count": 2075},
      {"degree": 11, "count": 1952},
      {"degree": 12, "count": 1868},
      {"degree": 13, "count": 1676},
      {"degree": 14, "count": 1650},
      {"degree": 15, "count": 1480},
      {"degree": 16, "count": 1402},
      {"degree": 17, "count": 1308},
      {"degree": 18, "count": 1231},
      {"degree": 19, "count": 1219},
      {"degree": 20, "count": 1179},
      {"degree": 21, "count": 1068},
      {"degree": 22, "count": 1012},
      {"degree": 23, "count": 940},
      {"degree": 24, "count": 930},
      {"degree": 25, "count": 875},
      {"degree": 26, "count": 843},
      {"degree": 27, "count": 793},
      {"degree": 28, "count": 775},
      {"degree": 29, "count": 745},
      {"degree": 30, "count": 725},
      {"degree": 31, "count": 663},
      {"degree": 32, "count": 618},
      {"degree": 33, "count": 610},
      {"degree": 34, "count": 607},
      {"degree": 35, "count": 618},
      {"degree": 36, "count": 543},
      {"degree": 37, "count": 504},
      {"degree": 38, "count": 554},
      {"degree": 39, "count": 481},
      {"degree": 40, "count": 478},
      {"degree": 41, "count": 489},
      {"degree": 42, "count": 446},
      {"degree": 43, "count": 418},
      {"degree": 44, "count": 426},
      {"degree": 45, "count": 456},
      {"degree": 46, "count": 410},
      {"degree": 47, "count": 385},
      {"degree": 48, "count": 397},
      {"degree": 49, "count": 387},
      {"degree": 50, "count": 321},
      {"degree": 51, "count": 339},
      {"degree": 52, "count": 342},
      {"degree": 53, "count": 327},
      {"degree": 54, "count": 323},
      {"degree": 55, "count": 287},
      {"degree": 56, "count": 285},
      {"degree": 57, "count": 270},
      {"degree": 58, "count": 299},
      {"degree": 59, "count": 291},
      {"degree": 60, "count": 249},
      {"degree": 61, "count": 235},
      {"degree": 62, "count": 240},
      {"degree": 63, "count": 245},
      {"degree": 64, "count": 227},
      {"degree": 65, "count": 220},
      {"degree": 66, "count": 218},
      {"degree": 67, "count": 210},
      {"degree": 68, "count": 198},
      {"degree": 69, "count": 193},
      {"degree": 70, "count": 198},
      {"degree": 71, "count": 191},
      {"degree": 72, "count": 195},
      {"degree": 73, "count": 178},
      {"degree": 74, "count": 178},
      {"degree": 75, "count": 163},
      {"degree": 76, "count": 182},
      {"degree": 77, "count": 148},
      {"degree": 78, "count": 134},
      {"degree": 79, "count": 146},
      {"degree": 80, "count": 139},
      {"degree": 81, "count": 134},
      {"degree": 82, "count": 118},
      {"degree": 83, "count": 128},
      {"degree": 84, "count": 122},
      {"degree": 85, "count": 105},
      {"degree": 86, "count": 137},
      {"degree": 87, "count": 135},
      {"degree": 88, "count": 124},
      {"degree": 89, "count": 91},
      {"degree": 90, "count": 119},
      {"degree": 91, "count": 108},
      {"degree": 92, "count": 114},
      {"degree": 93, "count": 99},
      {"degree": 94, "count": 96},
      {"degree": 95, "count": 95},
      {"degree": 96, "count": 95},
      {"degree": 97, "count": 100},
      {"degree": 98, "count": 92},
      {"degree": 99, "count": 90},
      {"degree": 100, "count": 87},
      {"degree": 101, "count": 82},
      {"degree": 102, "count": 80},
      {"degree": 103, "count": 83},
      {"degree": 104, "count": 78},
      {"degree": 105, "count": 80},
      {"degree": 106, "count": 78},
      {"degree": 107, "count": 82},
      {"degree": 108, "count": 61},
      {"degree": 109, "count": 63},
      {"degree": 110, "count": 71},
      {"degree": 111, "count": 70},
      {"degree": 112, "count": 56},
      {"degree": 113, "count": 77},
      {"degree": 114, "count": 75},
      {"degree": 115, "count": 57},
      {"degree": 116, "count": 66},
      {"degree": 117, "count": 59},
      {"degree": 118, "count": 44},
      {"degree": 119, "count": 52},
      {"degree": 120, "count": 61},
      {"degree": 121, "count": 51},
      {"degree": 122, "count": 49},
      {"degree": 123, "count": 57},
      {"degree": 124, "count": 58},
      {"degree": 125, "count": 48},
      {"degree": 126, "count": 43},
      {"degree": 127, "count": 29},
      {"degree": 128, "count": 36},
      {"degree": 129, "count": 30},
      {"degree": 130, "count": 43},
      {"degree": 131, "count": 40},
      {"degree": 132, "count": 42},
      {"degree": 133, "count": 38},
      {"degree": 134, "count": 33},
      {"degree": 135, "count": 35},
      {"degree": 136, "count": 36},
      {"degree": 137, "count": 45},
      {"degree": 138, "count": 40},
      {"degree": 139, "count": 36},
      {"degree": 140, "count": 38},
      {"degree": 141, "count": 35},
      {"degree": 142, "count": 38},
      {"degree": 143, "count": 42},
      {"degree": 144, "count": 31},
      {"degree": 145, "count": 37},
      {"degree": 146, "count": 30},
      {"degree": 147, "count": 35},
      {"degree": 148, "count": 38},
      {"degree": 149, "count": 21},
      {"degree": 150, "count": 30},
      {"degree": 151, "count": 37},
      {"degree": 152, "count": 36},
      {"degree": 153, "count": 32},
      {"degree": 154, "count": 34},
      {"degree": 155, "count": 29},
      {"degree": 156, "count": 26},
      {"degree": 157, "count": 30},
      {"degree": 158, "count": 32},
      {"degree": 159, "count": 27},
      {"degree": 160, "count": 28},
      {"degree": 161, "count": 32},
      {"degree": 162, "count": 32},
      {"degree": 163, "count": 26},
      {"degree": 164, "count": 34},
      {"degree": 165, "count": 20},
      {"degree": 166, "count": 30},
      {"degree": 167, "count": 18},
      {"degree": 168, "count": 30},
      {"degree": 169, "count": 28},
      {"degree": 170, "count": 22},
      {"degree": 171, "count": 25},
      {"degree": 172, "count": 22},
      {"degree": 173, "count": 23},
      {"degree": 174, "count": 13},
      {"degree": 175, "count": 21},
      {"degree": 176, "count": 15},
      {"degree": 177, "count": 20},
      {"degree": 178, "count": 18},
      {"degree": 179, "count": 17},
      {"degree": 180, "count": 13},
      {"degree": 181, "count": 31},
      {"degree": 182, "count": 25},
      {"degree": 183, "count": 15},
      {"degree": 184, "count": 22},
      {"degree": 185, "count": 18},
      {"degree": 186, "count": 20},
      {"degree": 187, "count": 14},
      {"degree": 188, "count": 17},
      {"degree": 189, "count": 21},
      {"degree": 190, "count": 16},
      {"degree": 191, "count": 25},
      {"degree": 192, "count": 14},
      {"degree": 193, "count": 18},
      {"degree": 194, "count": 16},
      {"degree": 195, "count": 18},
      {"degree": 196, "count": 9},
      {"degree": 197, "count": 29},
      {"degree": 198, "count": 21},
      {"degree": 199, "count": 16},
      {"degree": 200, "count": 13},
      {"degree": 201, "count": 16},
      {"degree": 202, "count": 20},
      {"degree": 203, "count": 21},
      {"degree": 204, "count": 17},
      {"degree": 205, "count": 24},
      {"degree": 206, "count": 14},
      {"degree": 207, "count": 14},
      {"degree": 208, "count": 19},
      {"degree": 209, "count": 10},
      {"degree": 210, "count": 18},
      {"degree": 211, "count": 16},
      {"degree": 212, "count": 11},
      {"degree": 213, "count": 11},
      {"degree": 214, "count": 12},
      {"degree": 215, "count": 14},
      {"degree": 216, "count": 13},
      {"degree": 217, "count": 10},
      {"degree": 218, "count": 11},
      {"degree": 219, "count": 12},
      {"degree": 220, "count": 11},
      {"degree": 221, "count": 12},
      {"degree": 222, "count": 12},
      {"degree": 223, "count": 14},
      {"degree": 224, "count": 14},
      {"degree": 225, "count": 12},
      {"degree": 226, "count": 17},
      {"degree": 227, "count": 11},
      {"degree": 228, "count": 14},
      {"degree": 229, "count": 15},
      {"degree": 230, "count": 15},
      {"degree": 231, "count": 9},
      {"degree": 232, "count": 11},
      {"degree": 233, "count": 10},
      {"degree": 234, "count": 13},
      {"degree": 235, "count": 10},
      {"degree": 236, "count": 13},
      {"degree": 237, "count": 14},
      {"degree": 238, "count": 15},
      {"degree": 239, "count": 14},
      {"degree": 240, "count": 14},
      {"degree": 241, "count": 11},
      {"degree": 242, "count": 11},
      {"degree": 243, "count": 13},
      {"degree": 244, "count": 10},
      {"degree": 245, "count": 3},
      {"degree": 246, "count": 11},
      {"degree": 247, "count": 15},
      {"degree": 248, "count": 5},
      {"degree": 249, "count": 10},
      {"degree": 250, "count": 18},
      {"degree": 251, "count": 11},
      {"degree": 252, "count": 7},
      {"degree": 253, "count": 8},
      {"degree": 254, "count": 6},
      {"degree": 255, "count": 7},
      {"degree": 256, "count": 8},
      {"degree": 257, "count": 7},
      {"degree": 258, "count": 8},
      {"degree": 259, "count": 19},
      {"degree": 260, "count": 9},
      {"degree": 261, "count": 13},
      {"degree": 262, "count": 8},
      {"degree": 263, "count": 6},
      {"degree": 264, "count": 7},
      {"degree": 265, "count": 8},
      {"degree": 266, "count": 4},
      {"degree": 267, "count": 7},
      {"degree": 268, "count": 7},
      {"degree": 269, "count": 6},
      {"degree": 270, "count": 5},
      {"degree": 271, "count": 6},
      {"degree": 272, "count": 9},
      {"degree": 273, "count": 7},
      {"degree": 274, "count": 6},
      {"degree": 275, "count": 10},
      {"degree": 276, "count": 6},
      {"degree": 277, "count": 8},
      {"degree": 278, "count": 6},
      {"degree": 279, "count": 8},
      {"degree": 280, "count": 6},
      {"degree": 281, "count": 5},
      {"degree": 282, "count": 7},
      {"degree": 283, "count": 6},
      {"degree": 284, "count": 4},
      {"degree": 285, "count": 7},
      {"degree": 286, "count": 4},
      {"degree": 287, "count": 8},
      {"degree": 288, "count": 7},
      {"degree": 289, "count": 6},
      {"degree": 290, "count": 5},
      {"degree": 291, "count": 4},
      {"degree": 292, "count": 7},
      {"degree": 293, "count": 6},
      {"degree": 294, "count": 4},
      {"degree": 295, "count": 4},
      {"degree": 296, "count": 7},
      {"degree": 297, "count": 3},
      {"degree": 298, "count": 3},
      {"degree": 299, "count": 3},
      {"degree": 300, "count": 5},
      {"degree": 301, "count": 3},
      {"degree": 302, "count": 4},
      {"degree": 303, "count": 6},
      {"degree": 304, "count": 7},
      {"degree": 305, "count": 5},
      {"degree": 306, "count": 2},
      {"degree": 307, "count": 6},
      {"degree": 308, "count": 9},
      {"degree": 309, "count": 2},
      {"degree": 310, "count": 4},
      {"degree": 311, "count": 4},
      {"degree": 312, "count": 5},
      {"degree": 313, "count": 1},
      {"degree": 314, "count": 4},
      {"degree": 316, "count": 9},
      {"degree": 317, "count": 3},
      {"degree": 318, "count": 3},
      {"degree": 319, "count": 3},
      {"degree": 320, "count": 6},
      {"degree": 321, "count": 2},
      {"degree": 322, "count": 3},
      {"degree": 323, "count": 5},
      {"degree": 324, "count": 7},
      {"degree": 325, "count": 4},
      {"degree": 326, "count": 1},
      {"degree": 327, "count": 4},
      {"degree": 328, "count": 5},
      {"degree": 329, "count": 4},
      {"degree": 330, "count": 3},
      {"degree": 331, "count": 6},
      {"degree": 332, "count": 3},
      {"degree": 333, "count": 3},
      {"degree": 334, "count": 3},
      {"degree": 335, "count": 1},
      {"degree": 336, "count": 1},
      {"degree": 337, "count": 3},
      {"degree": 339, "count": 2},
      {"degree": 340, "count": 5},
      {"degree": 341, "count": 1},
      {"degree": 342, "count": 2},
      {"degree": 343, "count": 4},
      {"degree": 344, "count": 2},
      {"degree": 345, "count": 2},
      {"degree": 346, "count": 4},
      {"degree": 347, "count": 3},
      {"degree": 348, "count": 2},
      {"degree": 350, "count": 5},
      {"degree": 351, "count": 2},
      {"degree": 352, "count": 3},
      {"degree": 353, "count": 2},
      {"degree": 354, "count": 5},
      {"degree": 355, "count": 2},
      {"degree": 356, "count": 4},
      {"degree": 357, "count": 1},
      {"degree": 358, "count": 1},
      {"degree": 359, "count": 2},
      {"degree": 360, "count": 2},
      {"degree": 362, "count": 2},
      {"degree": 363, "count": 1},
      {"degree": 364, "count": 2},
      {"degree": 365, "count": 5},
      {"degree": 366, "count": 1},
      {"degree": 367, "count": 1},
      {"degree": 368, "count": 2},
      {"degree": 369, "count": 1},
      {"degree": 370, "count": 1},
      {"degree": 371, "count": 2},
      {"degree": 372, "count": 1},
      {"degree": 373, "count": 4},
      {"degree": 374, "count": 3},
      {"degree": 375, "count": 1},
      {"degree": 376, "count": 4},
      {"degree": 377, "count": 1},
      {"degree": 378, "count": 2},
      {"degree": 379, "count": 1},
      {"degree": 380, "count": 1},
      {"degree": 381, "count": 1},
      {"degree": 382, "count": 3},
      {"degree": 384, "count": 1},
      {"degree": 385, "count": 2},
      {"degree": 386, "count": 4},
      {"degree": 387, "count": 3},
      {"degree": 388, "count": 1},
      {"degree": 389, "count": 1},
      {"degree": 390, "count": 2},
      {"degree": 391, "count": 4},
      {"degree": 392, "count": 3},
      {"degree": 393, "count": 3},
      {"degree": 394, "count": 2},
      {"degree": 397, "count": 2},
      {"degree": 398, "count": 6},
      {"degree": 399, "count": 2},
      {"degree": 400, "count": 1},
      {"degree": 402, "count": 3},
      {"degree": 403, "count": 2},
      {"degree": 404, "count": 3},
      {"degree": 405, "count": 2},
      {"degree": 406, "count": 1},
      {"degree": 407, "count": 3},
      {"degree": 408, "count": 3},
      {"degree": 409, "count": 1},
      {"degree": 410, "count": 2},
      {"degree": 411, "count": 4},
      {"degree": 412, "count": 3},
      {"degree": 413, "count": 2},
      {"degree": 416, "count": 2},
      {"degree": 417, "count": 2},
      {"degree": 418, "count": 2},
      {"degree": 419, "count": 3},
      {"degree": 420, "count": 2},
      {"degree": 422, "count": 1},
      {"degree": 423, "count": 1},
      {"degree": 424, "count": 2},
      {"degree": 425, "count": 1},
      {"degree": 426, "count": 1},
      {"degree": 427, "count": 3},
      {"degree": 430, "count": 1},
      {"degree": 431, "count": 2},
      {"degree": 432, "count": 1},
      {"degree": 433, "count": 1},
      {"degree": 434, "count": 2},
      {"degree": 435, "count": 3},
      {"degree": 436, "count": 2},
      {"degree": 437, "count": 2},
      {"degree": 439, "count": 1},
      {"degree": 440, "count": 2},
      {"degree": 441, "count": 2},
      {"degree": 442, "count": 1},
      {"degree": 443, "count": 1},
      {"degree": 444, "count": 1},
      {"degree": 445, "count": 2},
      {"degree": 447, "count": 1},
      {"degree": 448, "count": 2},
      {"degree": 449, "count": 2},
      {"degree": 450, "count": 2},
      {"degree": 452, "count": 1},
      {"degree": 453, "count": 1},
      {"degree": 456, "count": 2},
      {"degree": 460, "count": 2},
      {"degree": 464, "count": 1},
      {"degree": 465, "count": 1},
      {"degree": 466, "count": 1},
      {"degree": 467, "count": 1},
      {"degree": 470, "count": 1},
      {"degree": 472, "count": 1},
      {"degree": 473, "count": 2},
      {"degree": 475, "count": 2},
      {"degree": 476, "count": 4},
      {"degree": 477, "count": 2},
      {"degree": 480, "count": 1},
      {"degree": 482, "count": 1},
      {"degree": 483, "count": 2},
      {"degree": 484, "count": 1},
      {"degree": 485, "count": 1},
      {"degree": 486, "count": 1},
      {"degree": 487, "count": 1},
      {"degree": 488, "count": 2},
      {"degree": 489, "count": 1},
      {"degree": 490, "count": 2},
      {"degree": 492, "count": 1},
      {"degree": 493, "count": 1},
      {"degree": 499, "count": 2},
      {"degree": 500, "count": 1},
      {"degree": 501, "count": 1},
      {"degree": 503, "count": 2},
      {"degree": 504, "count": 1},
      {"degree": 505, "count": 1},
      {"degree": 507, "count": 1},
      {"degree": 510, "count": 1},
      {"degree": 511, "count": 1},
      {"degree": 512, "count": 1},
      {"degree": 518, "count": 3},
      {"degree": 519, "count": 1},
      {"degree": 521, "count": 2},
      {"degree": 523, "count": 1},
      {"degree": 524, "count": 1},
      {"degree": 525, "count": 2},
      {"degree": 526, "count": 1},
      {"degree": 529, "count": 1},
      {"degree": 530, "count": 1},
      {"degree": 531, "count": 2},
      {"degree": 533, "count": 2},
      {"degree": 536, "count": 1},
      {"degree": 540, "count": 1},
      {"degree": 541, "count": 1},
      {"degree": 544, "count": 1},
      {"degree": 546, "count": 1},
      {"degree": 548, "count": 1},
      {"degree": 549, "count": 2},
      {"degree": 552, "count": 1},
      {"degree": 555, "count": 1},
      {"degree": 561, "count": 1},
      {"degree": 563, "count": 1},
      {"degree": 565, "count": 3},
      {"degree": 566, "count": 1},
      {"degree": 568, "count": 2},
      {"degree": 570, "count": 1},
      {"degree": 571, "count": 1},
      {"degree": 572, "count": 2},
      {"degree": 573, "count": 1},
      {"degree": 577, "count": 1},
      {"degree": 578, "count": 1},
      {"degree": 582, "count": 1},
      {"degree": 583, "count": 1},
      {"degree": 586, "count": 1},
      {"degree": 587, "count": 1},
      {"degree": 590, "count": 1},
      {"degree": 591, "count": 1},
      {"degree": 597, "count": 1},
      {"degree": 600, "count": 2},
      {"degree": 601, "count": 1},
      {"degree": 607, "count": 1},
      {"degree": 609, "count": 1},
      {"degree": 610, "count": 3},
      {"degree": 621, "count": 1},
      {"degree": 625, "count": 1},
      {"degree": 633, "count": 1},
      {"degree": 636, "count": 1},
      {"degree": 637, "count": 3},
      {"degree": 639, "count": 1},
      {"degree": 640, "count": 1},
      {"degree": 645, "count": 1},
      {"degree": 650, "count": 1},
      {"degree": 665, "count": 1},
      {"degree": 666, "count": 1},
      {"degree": 669, "count": 1},
      {"degree": 671, "count": 1},
      {"degree": 673, "count": 1},
      {"degree": 678, "count": 2},
      {"degree": 695, "count": 1},
      {"degree": 697, "count": 2},
      {"degree": 700, "count": 1},
      {"degree": 703, "count": 1},
      {"degree": 712, "count": 1},
      {"degree": 714, "count": 2},
      {"degree": 719, "count": 2},
      {"degree": 720, "count": 1},
      {"degree": 723, "count": 1},
      {"degree": 729, "count": 1},
      {"degree": 733, "count": 1},
      {"degree": 737, "count": 1},
      {"degree": 744, "count": 2},
      {"degree": 748, "count": 1},
      {"degree": 756, "count": 2},
      {"degree": 758, "count": 1},
      {"degree": 765, "count": 1},
      {"degree": 766, "count": 1},
      {"degree": 777, "count": 1},
      {"degree": 779, "count": 1},
      {"degree": 780, "count": 2},
      {"degree": 783, "count": 1},
      {"degree": 784, "count": 1},
      {"degree": 788, "count": 1},
      {"degree": 798, "count": 1},
      {"degree": 801, "count": 1},
      {"degree": 802, "count": 1},
      {"degree": 804, "count": 1},
      {"degree": 806, "count": 1},
      {"degree": 810, "count": 1},
      {"degree": 818, "count": 2},
      {"degree": 822, "count": 1},
      {"degree": 828, "count": 1},
      {"degree": 837, "count": 1},
      {"degree": 844, "count": 1},
      {"degree": 849, "count": 1},
      {"degree": 857, "count": 1},
      {"degree": 861, "count": 1},
      {"degree": 878, "count": 1},
      {"degree": 879, "count": 1},
      {"degree": 889, "count": 2},
      {"degree": 902, "count": 1},
      {"degree": 912, "count": 1},
      {"degree": 915, "count": 1},
      {"degree": 916, "count": 1},
      {"degree": 921, "count": 1},
      {"degree": 923, "count": 1},
      {"degree": 932, "count": 1},
      {"degree": 937, "count": 1},
      {"degree": 948, "count": 1},
      {"degree": 959, "count": 1},
      {"degree": 964, "count": 1},
      {"degree": 975, "count": 1},
      {"degree": 979, "count": 1},
      {"degree": 991, "count": 1},
      {"degree": 996, "count": 1},
      {"degree": 1009, "count": 1},
      {"degree": 1023, "count": 1},
      {"degree": 1030, "count": 1},
      {"degree": 1051, "count": 1},
      {"degree": 1053, "count": 1},
      {"degree": 1054, "count": 1},
      {"degree": 1072, "count": 1},
      {"degree": 1079, "count": 1},
      {"degree": 1080, "count": 1},
      {"degree": 1091, "count": 1},
      {"degree": 1103, "count": 1},
      {"degree": 1161, "count": 1},
      {"degree": 1180, "count": 1},
      {"degree": 1183, "count": 1},
      {"degree": 1185, "count": 1},
      {"degree": 1198, "count": 1},
      {"degree": 1220, "count": 1},
      {"degree": 1225, "count": 1},
      {"degree": 1226, "count": 1},
      {"degree": 1229, "count": 1},
      {"degree": 1251, "count": 1},
      {"degree": 1255, "count": 1},
      {"degree": 1256, "count": 1},
      {"degree": 1269, "count": 1},
      {"degree": 1275, "count": 1},
      {"degree": 1291, "count": 1},
      {"degree": 1358, "count": 1},
      {"degree": 1377, "count": 1},
      {"degree": 1387, "count": 1},
      {"degree": 1395, "count": 1},
      {"degree": 1443, "count": 1},
      {"degree": 1467, "count": 1},
      {"degree": 1497, "count": 1},
      {"degree": 1509, "count": 1},
      {"degree": 1521, "count": 1},
      {"degree": 1568, "count": 1},
      {"degree": 1666, "count": 1},
      {"degree": 1695, "count": 1},
      {"degree": 1743, "count": 1},
      {"degree": 1789, "count": 1},
      {"degree": 2133, "count": 1},
      {"degree": 2155, "count": 1},
      {"degree": 2476, "count": 1},
      {"degree": 2484, "count": 1},
      {"degree": 2490, "count": 1},
      {"degree": 2758, "count": 1},
      {"degree": 3011, "count": 1},
      {"degree": 3239, "count": 1},
      {"degree": 3383, "count": 1}
    ],
    "top_k": [
      {"node_index": 1758, "original_id": 115485051, "degree": 3383},
      {"node_index": 63, "original_id": 40981798, "degree": 3239},
      {"node_index": 1550, "original_id": 813286, "degree": 3011},
      {"node_index": 90, "original_id": 43003845, "degree": 2758},
      {"node_index": 880, "original_id": 3359851, "degree": 2490},
      {"node_index": 78, "original_id": 22462180, "degree": 2484},
      {"node_index": 1, "original_id": 34428380, "degree": 2476},
      {"node_index": 436, "original_id": 7861312, "degree": 2155},
      {"node_index": 548, "original_id": 15913, "degree": 2133},
      {"node_index": 2969, "original_id": 59804598, "degree": 1789}
    ]
  },
  "connectivity": {
    "components": 1,
    "giant_component_size": 81306,
    "component_sizes_desc": [81306]
  },
  "paths": {
    "reachable_pairs": 3305292165,
    "average_shortest_path": 3.889170,
    "diameter": 7
  },
  "clustering": {
    "average_local": 0.565311,
    "triangles_total": 13082506
  },
  "ring_demo": {
    "topk": 10,
    "ring_sum_degrees_twice": 51836
  },
  "ids_demo": {
    "sorted_original_ids_sample": [12, 13, 14, 17, 20, 47, 66, 107, 190, 224]
  }
}
